{"0_0": [-0.08337104963598192, 0.22757432222142115, 0.07482758057821493], "8_0": [-0.0828009702345841, 0.22646315970361494, 0.07724778488589756], "0_8": [-0.06514597152800919, 0.22331864967843745, 0.0936380810188727], "8_8": [0.05424196642287743, 0.08848345837973878, 0.0891515578499202], "starting": [-0.12847891229250556, 0.08114907386027465, 0.07117873631664756]}